{"sane": true, "normalizes": true, "range": true, "log_prob": -1180.2609697580338, "avg_log_prob": -2.3605219395160675, "perplexity": 10.596480731358616}